,11,12,13,14,16,17,18,19,20,21,22,24,26,29,31,32,35,36,37,38,40,41,42,43,45,46,48,49,50,52,53,54,55,56,57,58,59,61,62,63,64,65,66,67,69,70,72,74,79,80,81,82,83,84,85,86,89,90,91,92,93,94,95,97,99,101,102,103,104,105,106,108,109,110,111,113,114,115,116,117,118,119,120,121,123,125,126
11,0,59,60,60,60,60,60,59,60,60,60,57,60,60,60,59,60,60,60,60,58,60,57,60,60,60,60,60,60,60,60,60,60,60,60,60,60,60,60,60,60,60,60,60,59,60,60,60,45,60,57,60,60,59,60,60,60,60,60,56,58,60,58,60,60,60,58,58,60,60,60,60,60,60,60,60,60,60,60,60,59,60,56,60,50,56,60
12,59,0,59,59,59,59,59,58,59,59,59,56,59,59,59,58,59,59,59,59,57,59,56,59,59,59,59,59,59,59,59,59,59,59,59,59,59,59,59,59,59,59,59,59,58,59,59,59,44,59,56,59,59,58,59,59,59,59,59,55,57,59,57,59,59,59,57,57,59,59,59,59,59,59,59,59,59,59,59,59,58,59,55,59,49,55,59
13,60,59,0,60,60,60,60,59,60,60,60,57,60,60,60,59,60,60,60,60,58,60,57,60,60,60,60,60,60,60,60,60,60,60,60,60,60,60,60,60,60,60,60,60,59,60,60,60,45,60,57,60,60,59,60,60,60,60,60,56,58,60,58,60,60,60,58,58,60,60,60,60,60,60,60,60,60,60,60,60,59,60,56,60,50,56,60
14,60,59,60,0,60,60,60,59,60,60,60,57,60,60,60,59,60,60,60,60,58,60,57,60,60,60,60,60,60,60,60,60,60,60,60,60,60,60,60,60,60,60,60,60,59,60,60,60,45,60,57,60,60,59,60,60,60,60,60,56,58,60,58,60,60,60,58,58,60,60,60,60,60,60,60,60,60,60,60,60,59,60,56,60,50,56,60
16,60,59,60,60,0,60,60,59,60,60,60,57,60,60,60,59,60,60,60,60,58,60,57,60,60,60,60,60,60,60,60,60,60,60,60,60,60,60,60,60,60,60,60,60,59,60,60,60,45,60,57,60,60,59,60,60,60,60,60,56,58,60,58,60,60,60,58,58,60,60,60,60,60,60,60,60,60,60,60,60,59,60,56,60,50,56,60
17,60,59,60,60,60,0,60,59,60,60,60,57,60,60,60,59,60,60,60,60,58,60,57,60,60,60,60,60,60,60,60,60,60,60,60,60,60,60,60,60,60,60,60,60,59,60,60,60,45,60,57,60,60,59,60,60,60,60,60,56,58,60,58,60,60,60,58,58,60,60,60,60,60,60,60,60,60,60,60,60,59,60,56,60,50,56,60
18,60,59,60,60,60,60,0,59,60,60,60,57,60,60,60,59,60,60,60,60,58,60,57,60,60,60,60,60,60,60,60,60,60,60,60,60,60,60,60,60,60,60,60,60,59,60,60,60,45,60,57,60,60,59,60,60,60,60,60,56,58,60,58,60,60,60,58,58,60,60,60,60,60,60,60,60,60,60,60,60,59,60,56,60,50,56,60
19,59,58,59,59,59,59,59,0,59,59,59,56,59,59,59,58,59,59,59,59,57,59,57,59,59,59,59,59,59,59,59,59,59,59,59,59,59,59,59,59,59,59,59,59,58,59,59,59,44,59,56,59,59,58,59,59,59,59,59,55,57,59,57,59,59,59,57,57,59,59,59,59,59,59,59,59,59,59,59,59,58,59,55,59,49,55,59
20,60,59,60,60,60,60,60,59,0,60,60,57,60,60,60,59,60,60,60,60,58,60,57,60,60,60,60,60,60,60,60,60,60,60,60,60,60,60,60,60,60,60,60,60,59,60,60,60,45,60,57,60,60,59,60,60,60,60,60,56,58,60,58,60,60,60,58,58,60,60,60,60,60,60,60,60,60,60,60,60,59,60,56,60,50,56,60
21,60,59,60,60,60,60,60,59,60,0,60,57,60,60,60,59,60,60,60,60,58,60,57,60,60,60,60,60,60,60,60,60,60,60,60,60,60,60,60,60,60,60,60,60,59,60,60,60,45,60,57,60,60,59,60,60,60,60,60,56,58,60,58,60,60,60,58,58,60,60,60,60,60,60,60,60,60,60,60,60,59,60,56,60,50,56,60
22,60,59,60,60,60,60,60,59,60,60,0,57,60,60,60,59,60,60,60,60,58,60,57,60,60,60,60,60,60,60,60,60,60,60,60,60,60,60,60,60,60,60,60,60,59,60,60,60,45,60,57,60,60,59,60,60,60,60,60,56,58,60,58,60,60,60,58,58,60,60,60,60,60,60,60,60,60,60,60,60,59,60,56,60,50,56,60
24,57,56,57,57,57,57,57,56,57,57,57,0,57,57,57,56,57,57,57,57,55,57,54,57,57,57,57,57,57,57,57,57,57,57,57,57,57,57,57,57,57,57,57,57,56,57,57,57,42,57,54,57,57,56,57,57,57,57,57,53,55,57,55,57,57,57,56,55,57,57,57,57,57,57,57,57,57,57,57,57,56,57,53,57,47,54,57
26,60,59,60,60,60,60,60,59,60,60,60,57,0,60,60,59,60,60,60,60,58,60,57,60,60,60,60,60,60,60,60,60,60,60,60,60,60,60,60,60,60,60,60,60,59,60,60,60,45,60,57,60,60,59,60,60,60,60,60,56,58,60,58,60,60,60,58,58,60,60,60,60,60,60,60,60,60,60,60,60,59,60,56,60,50,56,60
29,60,59,60,60,60,60,60,59,60,60,60,57,60,0,60,59,60,60,60,60,58,60,57,60,60,60,60,60,60,60,60,60,60,60,60,60,60,60,60,60,60,60,60,60,59,60,60,60,45,60,57,60,60,59,60,60,60,60,60,56,58,60,58,60,60,60,58,58,60,60,60,60,60,60,60,60,60,60,60,60,59,60,56,60,50,56,60
31,60,59,60,60,60,60,60,59,60,60,60,57,60,60,0,59,60,60,60,60,58,60,57,60,60,60,60,60,60,60,60,60,60,60,60,60,60,60,60,60,60,60,60,60,59,60,60,60,45,60,57,60,60,59,60,60,60,60,60,56,58,60,58,60,60,60,58,58,60,60,60,60,60,60,60,60,60,60,60,60,59,60,56,60,50,56,60
32,59,58,59,59,59,59,59,58,59,59,59,56,59,59,59,0,59,59,59,59,57,59,56,59,59,59,59,59,59,59,59,59,59,59,59,59,59,59,59,59,59,59,59,59,58,59,59,59,44,59,56,59,59,58,59,59,59,59,59,55,57,59,57,59,59,59,57,57,59,59,59,59,59,59,59,59,59,59,59,59,58,59,56,59,49,55,59
35,60,59,60,60,60,60,60,59,60,60,60,57,60,60,60,59,0,60,60,60,58,60,57,60,60,60,60,60,60,60,60,60,60,60,60,60,60,60,60,60,60,60,60,60,59,60,60,60,45,60,57,60,60,59,60,60,60,60,60,56,58,60,58,60,60,60,58,58,60,60,60,60,60,60,60,60,60,60,60,60,59,60,56,60,50,56,60
36,60,59,60,60,60,60,60,59,60,60,60,57,60,60,60,59,60,0,60,60,58,60,57,60,60,60,60,60,60,60,60,60,60,60,60,60,60,60,60,60,60,60,60,60,59,60,60,60,45,60,57,60,60,59,60,60,60,60,60,56,58,60,58,60,60,60,58,58,60,60,60,60,60,60,60,60,60,60,60,60,59,60,56,60,50,56,60
37,60,59,60,60,60,60,60,59,60,60,60,57,60,60,60,59,60,60,0,60,58,60,57,60,60,60,60,60,60,60,60,60,60,60,60,60,60,60,60,60,60,60,60,60,59,60,60,60,45,60,57,60,60,59,60,60,60,60,60,56,58,60,58,60,60,60,58,58,60,60,60,60,60,60,60,60,60,60,60,60,59,60,56,60,50,56,60
38,60,59,60,60,60,60,60,59,60,60,60,57,60,60,60,59,60,60,60,0,58,60,57,60,60,60,60,60,60,60,60,60,60,60,60,60,60,60,60,60,60,60,60,60,59,60,60,60,45,60,57,60,60,59,60,60,60,60,60,56,58,60,58,60,60,60,58,58,60,60,60,60,60,60,60,60,60,60,60,60,59,60,56,60,50,56,60
40,58,57,58,58,58,58,58,57,58,58,58,55,58,58,58,57,58,58,58,58,0,58,55,58,58,58,58,58,58,58,58,58,58,58,58,58,58,58,58,58,58,58,58,58,57,58,58,58,44,58,55,58,58,57,58,58,58,58,58,54,56,58,56,58,58,58,56,57,58,58,58,58,58,58,58,58,58,58,58,58,57,58,55,58,49,54,58
41,60,59,60,60,60,60,60,59,60,60,60,57,60,60,60,59,60,60,60,60,58,0,57,60,60,60,60,60,60,60,60,60,60,60,60,60,60,60,60,60,60,60,60,60,59,60,60,60,45,60,57,60,60,59,60,60,60,60,60,56,58,60,58,60,60,60,58,58,60,60,60,60,60,60,60,60,60,60,60,60,59,60,56,60,50,56,60
42,57,56,57,57,57,57,57,57,57,57,57,54,57,57,57,56,57,57,57,57,55,57,0,57,57,57,57,57,57,57,57,57,57,57,57,57,57,57,57,57,57,57,57,57,56,57,57,57,42,57,54,57,57,57,57,57,57,57,57,53,55,57,55,57,57,57,55,55,57,57,57,57,57,57,57,57,57,57,57,57,56,57,53,57,47,53,57
43,60,59,60,60,60,60,60,59,60,60,60,57,60,60,60,59,60,60,60,60,58,60,57,0,60,60,60,60,60,60,60,60,60,60,60,60,60,60,60,60,60,60,60,60,59,60,60,60,45,60,57,60,60,59,60,60,60,60,60,56,58,60,58,60,60,60,58,58,60,60,60,60,60,60,60,60,60,60,60,60,59,60,56,60,50,56,60
45,60,59,60,60,60,60,60,59,60,60,60,57,60,60,60,59,60,60,60,60,58,60,57,60,0,60,60,60,60,60,60,60,60,60,60,60,60,60,60,60,60,60,60,60,59,60,60,60,45,60,57,60,60,59,60,60,60,60,60,56,58,60,58,60,60,60,58,58,60,60,60,60,60,60,60,60,60,60,60,60,59,60,56,60,50,56,60
46,60,59,60,60,60,60,60,59,60,60,60,57,60,60,60,59,60,60,60,60,58,60,57,60,60,0,60,60,60,60,60,60,60,60,60,60,60,60,60,60,60,60,60,60,59,60,60,60,45,60,57,60,60,59,60,60,60,60,60,56,58,60,58,60,60,60,58,58,60,60,60,60,60,60,60,60,60,60,60,60,59,60,56,60,50,56,60
48,60,59,60,60,60,60,60,59,60,60,60,57,60,60,60,59,60,60,60,60,58,60,57,60,60,60,0,60,60,60,60,60,60,60,60,60,60,60,60,60,60,60,60,60,59,60,60,60,45,60,57,60,60,59,60,60,60,60,60,56,58,60,58,60,60,60,58,58,60,60,60,60,60,60,60,60,60,60,60,60,59,60,56,60,50,56,60
49,60,59,60,60,60,60,60,59,60,60,60,57,60,60,60,59,60,60,60,60,58,60,57,60,60,60,60,0,60,60,60,60,60,60,60,60,60,60,60,60,60,60,60,60,59,60,60,60,45,60,57,60,60,59,60,60,60,60,60,56,58,60,58,60,60,60,58,58,60,60,60,60,60,60,60,60,60,60,60,60,59,60,56,60,50,56,60
50,60,59,60,60,60,60,60,59,60,60,60,57,60,60,60,59,60,60,60,60,58,60,57,60,60,60,60,60,0,60,60,60,60,60,60,60,60,60,60,60,60,60,60,60,59,60,60,60,45,60,57,60,60,59,60,60,60,60,60,56,58,60,58,60,60,60,58,58,60,60,60,60,60,60,60,60,60,60,60,60,59,60,56,60,50,56,60
52,60,59,60,60,60,60,60,59,60,60,60,57,60,60,60,59,60,60,60,60,58,60,57,60,60,60,60,60,60,0,60,60,60,60,60,60,60,60,60,60,60,60,60,60,59,60,60,60,45,60,57,60,60,59,60,60,60,60,60,56,58,60,58,60,60,60,58,58,60,60,60,60,60,60,60,60,60,60,60,60,59,60,56,60,50,56,60
53,60,59,60,60,60,60,60,59,60,60,60,57,60,60,60,59,60,60,60,60,58,60,57,60,60,60,60,60,60,60,0,60,60,60,60,60,60,60,60,60,60,60,60,60,59,60,60,60,45,60,57,60,60,59,60,60,60,60,60,56,58,60,58,60,60,60,58,58,60,60,60,60,60,60,60,60,60,60,60,60,59,60,56,60,50,56,60
54,60,59,60,60,60,60,60,59,60,60,60,57,60,60,60,59,60,60,60,60,58,60,57,60,60,60,60,60,60,60,60,0,60,60,60,60,60,60,60,60,60,60,60,60,59,60,60,60,45,60,57,60,60,59,60,60,60,60,60,56,58,60,58,60,60,60,58,58,60,60,60,60,60,60,60,60,60,60,60,60,59,60,56,60,50,56,60
55,60,59,60,60,60,60,60,59,60,60,60,57,60,60,60,59,60,60,60,60,58,60,57,60,60,60,60,60,60,60,60,60,0,60,60,60,60,60,60,60,60,60,60,60,59,60,60,60,45,60,57,60,60,59,60,60,60,60,60,56,58,60,58,60,60,60,58,58,60,60,60,60,60,60,60,60,60,60,60,60,59,60,56,60,50,56,60
56,60,59,60,60,60,60,60,59,60,60,60,57,60,60,60,59,60,60,60,60,58,60,57,60,60,60,60,60,60,60,60,60,60,0,60,60,60,60,60,60,60,60,60,60,59,60,60,60,45,60,57,60,60,59,60,60,60,60,60,56,58,60,58,60,60,60,58,58,60,60,60,60,60,60,60,60,60,60,60,60,59,60,56,60,50,56,60
57,60,59,60,60,60,60,60,59,60,60,60,57,60,60,60,59,60,60,60,60,58,60,57,60,60,60,60,60,60,60,60,60,60,60,0,60,60,60,60,60,60,60,60,60,59,60,60,60,45,60,57,60,60,59,60,60,60,60,60,56,58,60,58,60,60,60,58,58,60,60,60,60,60,60,60,60,60,60,60,60,59,60,56,60,50,56,60
58,60,59,60,60,60,60,60,59,60,60,60,57,60,60,60,59,60,60,60,60,58,60,57,60,60,60,60,60,60,60,60,60,60,60,60,0,60,60,60,60,60,60,60,60,59,60,60,60,45,60,57,60,60,59,60,60,60,60,60,56,58,60,58,60,60,60,58,58,60,60,60,60,60,60,60,60,60,60,60,60,59,60,56,60,50,56,60
59,60,59,60,60,60,60,60,59,60,60,60,57,60,60,60,59,60,60,60,60,58,60,57,60,60,60,60,60,60,60,60,60,60,60,60,60,0,60,60,60,60,60,60,60,59,60,60,60,45,60,57,60,60,59,60,60,60,60,60,56,58,60,58,60,60,60,58,58,60,60,60,60,60,60,60,60,60,60,60,60,59,60,56,60,50,56,60
61,60,59,60,60,60,60,60,59,60,60,60,57,60,60,60,59,60,60,60,60,58,60,57,60,60,60,60,60,60,60,60,60,60,60,60,60,60,0,60,60,60,60,60,60,59,60,60,60,45,60,57,60,60,59,60,60,60,60,60,56,58,60,58,60,60,60,58,58,60,60,60,60,60,60,60,60,60,60,60,60,59,60,56,60,50,56,60
62,60,59,60,60,60,60,60,59,60,60,60,57,60,60,60,59,60,60,60,60,58,60,57,60,60,60,60,60,60,60,60,60,60,60,60,60,60,60,0,60,60,60,60,60,59,60,60,60,45,60,57,60,60,59,60,60,60,60,60,56,58,60,58,60,60,60,58,58,60,60,60,60,60,60,60,60,60,60,60,60,59,60,56,60,50,56,60
63,60,59,60,60,60,60,60,59,60,60,60,57,60,60,60,59,60,60,60,60,58,60,57,60,60,60,60,60,60,60,60,60,60,60,60,60,60,60,60,0,60,60,60,60,59,60,60,60,45,60,57,60,60,59,60,60,60,60,60,56,58,60,58,60,60,60,58,58,60,60,60,60,60,60,60,60,60,60,60,60,59,60,56,60,50,56,60
64,60,59,60,60,60,60,60,59,60,60,60,57,60,60,60,59,60,60,60,60,58,60,57,60,60,60,60,60,60,60,60,60,60,60,60,60,60,60,60,60,0,60,60,60,59,60,60,60,45,60,57,60,60,59,60,60,60,60,60,56,58,60,58,60,60,60,58,58,60,60,60,60,60,60,60,60,60,60,60,60,59,60,56,60,50,56,60
65,60,59,60,60,60,60,60,59,60,60,60,57,60,60,60,59,60,60,60,60,58,60,57,60,60,60,60,60,60,60,60,60,60,60,60,60,60,60,60,60,60,0,60,60,59,60,60,60,45,60,57,60,60,59,60,60,60,60,60,56,58,60,58,60,60,60,58,58,60,60,60,60,60,60,60,60,60,60,60,60,59,60,56,60,50,56,60
66,60,59,60,60,60,60,60,59,60,60,60,57,60,60,60,59,60,60,60,60,58,60,57,60,60,60,60,60,60,60,60,60,60,60,60,60,60,60,60,60,60,60,0,60,59,60,60,60,45,60,57,60,60,59,60,60,60,60,60,56,58,60,58,60,60,60,58,58,60,60,60,60,60,60,60,60,60,60,60,60,59,60,56,60,50,56,60
67,60,59,60,60,60,60,60,59,60,60,60,57,60,60,60,59,60,60,60,60,58,60,57,60,60,60,60,60,60,60,60,60,60,60,60,60,60,60,60,60,60,60,60,0,59,60,60,60,45,60,57,60,60,59,60,60,60,60,60,56,58,60,58,60,60,60,58,58,60,60,60,60,60,60,60,60,60,60,60,60,59,60,56,60,50,56,60
69,59,58,59,59,59,59,59,58,59,59,59,56,59,59,59,58,59,59,59,59,57,59,56,59,59,59,59,59,59,59,59,59,59,59,59,59,59,59,59,59,59,59,59,59,0,59,59,59,44,59,56,59,59,58,59,59,59,59,59,55,57,59,57,59,59,59,57,57,59,59,59,59,59,59,59,59,59,59,59,59,58,59,55,59,49,55,59
70,60,59,60,60,60,60,60,59,60,60,60,57,60,60,60,59,60,60,60,60,58,60,57,60,60,60,60,60,60,60,60,60,60,60,60,60,60,60,60,60,60,60,60,60,59,0,60,60,45,60,57,60,60,59,60,60,60,60,60,56,58,60,58,60,60,60,58,58,60,60,60,60,60,60,60,60,60,60,60,60,59,60,56,60,50,56,60
72,60,59,60,60,60,60,60,59,60,60,60,57,60,60,60,59,60,60,60,60,58,60,57,60,60,60,60,60,60,60,60,60,60,60,60,60,60,60,60,60,60,60,60,60,59,60,0,60,45,60,57,60,60,59,60,60,60,60,60,56,58,60,58,60,60,60,58,58,60,60,60,60,60,60,60,60,60,60,60,60,59,60,56,60,50,56,60
74,60,59,60,60,60,60,60,59,60,60,60,57,60,60,60,59,60,60,60,60,58,60,57,60,60,60,60,60,60,60,60,60,60,60,60,60,60,60,60,60,60,60,60,60,59,60,60,0,45,60,57,60,60,59,60,60,60,60,60,56,58,60,58,60,60,60,58,58,60,60,60,60,60,60,60,60,60,60,60,60,59,60,56,60,50,56,60
79,45,44,45,45,45,45,45,44,45,45,45,42,45,45,45,44,45,45,45,45,44,45,42,45,45,45,45,45,45,45,45,45,45,45,45,45,45,45,45,45,45,45,45,45,44,45,45,45,0,45,42,45,45,44,45,45,45,45,45,41,43,45,44,45,45,45,43,43,45,45,45,45,45,45,45,45,45,45,45,45,44,45,43,45,45,42,45
80,60,59,60,60,60,60,60,59,60,60,60,57,60,60,60,59,60,60,60,60,58,60,57,60,60,60,60,60,60,60,60,60,60,60,60,60,60,60,60,60,60,60,60,60,59,60,60,60,45,0,57,60,60,59,60,60,60,60,60,56,58,60,58,60,60,60,58,58,60,60,60,60,60,60,60,60,60,60,60,60,59,60,56,60,50,56,60
81,57,56,57,57,57,57,57,56,57,57,57,54,57,57,57,56,57,57,57,57,55,57,54,57,57,57,57,57,57,57,57,57,57,57,57,57,57,57,57,57,57,57,57,57,56,57,57,57,42,57,0,57,57,56,57,57,57,57,57,54,55,57,55,57,57,57,55,56,57,57,57,57,57,57,57,57,57,57,57,57,56,57,53,57,47,53,57
82,60,59,60,60,60,60,60,59,60,60,60,57,60,60,60,59,60,60,60,60,58,60,57,60,60,60,60,60,60,60,60,60,60,60,60,60,60,60,60,60,60,60,60,60,59,60,60,60,45,60,57,0,60,59,60,60,60,60,60,56,58,60,58,60,60,60,58,58,60,60,60,60,60,60,60,60,60,60,60,60,59,60,56,60,50,56,60
83,60,59,60,60,60,60,60,59,60,60,60,57,60,60,60,59,60,60,60,60,58,60,57,60,60,60,60,60,60,60,60,60,60,60,60,60,60,60,60,60,60,60,60,60,59,60,60,60,45,60,57,60,0,59,60,60,60,60,60,56,58,60,58,60,60,60,58,58,60,60,60,60,60,60,60,60,60,60,60,60,59,60,56,60,50,56,60
84,59,58,59,59,59,59,59,58,59,59,59,56,59,59,59,58,59,59,59,59,57,59,57,59,59,59,59,59,59,59,59,59,59,59,59,59,59,59,59,59,59,59,59,59,58,59,59,59,44,59,56,59,59,0,59,59,59,59,59,55,57,59,57,59,59,59,57,57,59,59,59,59,59,59,59,59,59,59,59,59,58,59,55,59,49,55,59
85,60,59,60,60,60,60,60,59,60,60,60,57,60,60,60,59,60,60,60,60,58,60,57,60,60,60,60,60,60,60,60,60,60,60,60,60,60,60,60,60,60,60,60,60,59,60,60,60,45,60,57,60,60,59,0,60,60,60,60,56,58,60,58,60,60,60,58,58,60,60,60,60,60,60,60,60,60,60,60,60,59,60,56,60,50,56,60
86,60,59,60,60,60,60,60,59,60,60,60,57,60,60,60,59,60,60,60,60,58,60,57,60,60,60,60,60,60,60,60,60,60,60,60,60,60,60,60,60,60,60,60,60,59,60,60,60,45,60,57,60,60,59,60,0,60,60,60,56,58,60,58,60,60,60,58,58,60,60,60,60,60,60,60,60,60,60,60,60,59,60,56,60,50,56,60
89,60,59,60,60,60,60,60,59,60,60,60,57,60,60,60,59,60,60,60,60,58,60,57,60,60,60,60,60,60,60,60,60,60,60,60,60,60,60,60,60,60,60,60,60,59,60,60,60,45,60,57,60,60,59,60,60,0,60,60,56,58,60,58,60,60,60,58,58,60,60,60,60,60,60,60,60,60,60,60,60,59,60,56,60,50,56,60
90,60,59,60,60,60,60,60,59,60,60,60,57,60,60,60,59,60,60,60,60,58,60,57,60,60,60,60,60,60,60,60,60,60,60,60,60,60,60,60,60,60,60,60,60,59,60,60,60,45,60,57,60,60,59,60,60,60,0,60,56,58,60,58,60,60,60,58,58,60,60,60,60,60,60,60,60,60,60,60,60,59,60,56,60,50,56,60
91,60,59,60,60,60,60,60,59,60,60,60,57,60,60,60,59,60,60,60,60,58,60,57,60,60,60,60,60,60,60,60,60,60,60,60,60,60,60,60,60,60,60,60,60,59,60,60,60,45,60,57,60,60,59,60,60,60,60,0,56,58,60,58,60,60,60,58,58,60,60,60,60,60,60,60,60,60,60,60,60,59,60,56,60,50,56,60
92,56,55,56,56,56,56,56,55,56,56,56,53,56,56,56,55,56,56,56,56,54,56,53,56,56,56,56,56,56,56,56,56,56,56,56,56,56,56,56,56,56,56,56,56,55,56,56,56,41,56,54,56,56,55,56,56,56,56,56,0,54,56,55,56,56,56,54,54,56,56,56,56,56,56,56,56,56,56,56,56,55,56,52,56,46,52,56
93,58,57,58,58,58,58,58,57,58,58,58,55,58,58,58,57,58,58,58,58,56,58,55,58,58,58,58,58,58,58,58,58,58,58,58,58,58,58,58,58,58,58,58,58,57,58,58,58,43,58,55,58,58,57,58,58,58,58,58,54,0,58,56,58,58,58,56,56,58,58,58,58,58,58,58,58,58,58,58,58,57,58,54,58,48,55,58
94,60,59,60,60,60,60,60,59,60,60,60,57,60,60,60,59,60,60,60,60,58,60,57,60,60,60,60,60,60,60,60,60,60,60,60,60,60,60,60,60,60,60,60,60,59,60,60,60,45,60,57,60,60,59,60,60,60,60,60,56,58,0,58,60,60,60,58,58,60,60,60,60,60,60,60,60,60,60,60,60,59,60,56,60,50,56,60
95,58,57,58,58,58,58,58,57,58,58,58,55,58,58,58,57,58,58,58,58,56,58,55,58,58,58,58,58,58,58,58,58,58,58,58,58,58,58,58,58,58,58,58,58,57,58,58,58,44,58,55,58,58,57,58,58,58,58,58,55,56,58,0,58,58,58,56,56,58,58,58,58,58,58,58,58,58,58,58,58,57,58,54,58,49,54,58
97,60,59,60,60,60,60,60,59,60,60,60,57,60,60,60,59,60,60,60,60,58,60,57,60,60,60,60,60,60,60,60,60,60,60,60,60,60,60,60,60,60,60,60,60,59,60,60,60,45,60,57,60,60,59,60,60,60,60,60,56,58,60,58,0,60,60,58,58,60,60,60,60,60,60,60,60,60,60,60,60,59,60,56,60,50,56,60
99,60,59,60,60,60,60,60,59,60,60,60,57,60,60,60,59,60,60,60,60,58,60,57,60,60,60,60,60,60,60,60,60,60,60,60,60,60,60,60,60,60,60,60,60,59,60,60,60,45,60,57,60,60,59,60,60,60,60,60,56,58,60,58,60,0,60,58,58,60,60,60,60,60,60,60,60,60,60,60,60,59,60,56,60,50,56,60
101,60,59,60,60,60,60,60,59,60,60,60,57,60,60,60,59,60,60,60,60,58,60,57,60,60,60,60,60,60,60,60,60,60,60,60,60,60,60,60,60,60,60,60,60,59,60,60,60,45,60,57,60,60,59,60,60,60,60,60,56,58,60,58,60,60,0,58,58,60,60,60,60,60,60,60,60,60,60,60,60,59,60,56,60,50,56,60
102,58,57,58,58,58,58,58,57,58,58,58,56,58,58,58,57,58,58,58,58,56,58,55,58,58,58,58,58,58,58,58,58,58,58,58,58,58,58,58,58,58,58,58,58,57,58,58,58,43,58,55,58,58,57,58,58,58,58,58,54,56,58,56,58,58,58,0,56,58,58,58,58,58,58,58,58,58,58,58,58,57,58,54,58,48,55,58
103,58,57,58,58,58,58,58,57,58,58,58,55,58,58,58,57,58,58,58,58,57,58,55,58,58,58,58,58,58,58,58,58,58,58,58,58,58,58,58,58,58,58,58,58,57,58,58,58,43,58,56,58,58,57,58,58,58,58,58,54,56,58,56,58,58,58,56,0,58,58,58,58,58,58,58,58,58,58,58,58,57,58,55,58,48,54,58
104,60,59,60,60,60,60,60,59,60,60,60,57,60,60,60,59,60,60,60,60,58,60,57,60,60,60,60,60,60,60,60,60,60,60,60,60,60,60,60,60,60,60,60,60,59,60,60,60,45,60,57,60,60,59,60,60,60,60,60,56,58,60,58,60,60,60,58,58,0,60,60,60,60,60,60,60,60,60,60,60,59,60,56,60,50,56,60
105,60,59,60,60,60,60,60,59,60,60,60,57,60,60,60,59,60,60,60,60,58,60,57,60,60,60,60,60,60,60,60,60,60,60,60,60,60,60,60,60,60,60,60,60,59,60,60,60,45,60,57,60,60,59,60,60,60,60,60,56,58,60,58,60,60,60,58,58,60,0,60,60,60,60,60,60,60,60,60,60,59,60,56,60,50,56,60
106,60,59,60,60,60,60,60,59,60,60,60,57,60,60,60,59,60,60,60,60,58,60,57,60,60,60,60,60,60,60,60,60,60,60,60,60,60,60,60,60,60,60,60,60,59,60,60,60,45,60,57,60,60,59,60,60,60,60,60,56,58,60,58,60,60,60,58,58,60,60,0,60,60,60,60,60,60,60,60,60,59,60,56,60,50,56,60
108,60,59,60,60,60,60,60,59,60,60,60,57,60,60,60,59,60,60,60,60,58,60,57,60,60,60,60,60,60,60,60,60,60,60,60,60,60,60,60,60,60,60,60,60,59,60,60,60,45,60,57,60,60,59,60,60,60,60,60,56,58,60,58,60,60,60,58,58,60,60,60,0,60,60,60,60,60,60,60,60,59,60,56,60,50,56,60
109,60,59,60,60,60,60,60,59,60,60,60,57,60,60,60,59,60,60,60,60,58,60,57,60,60,60,60,60,60,60,60,60,60,60,60,60,60,60,60,60,60,60,60,60,59,60,60,60,45,60,57,60,60,59,60,60,60,60,60,56,58,60,58,60,60,60,58,58,60,60,60,60,0,60,60,60,60,60,60,60,59,60,56,60,50,56,60
110,60,59,60,60,60,60,60,59,60,60,60,57,60,60,60,59,60,60,60,60,58,60,57,60,60,60,60,60,60,60,60,60,60,60,60,60,60,60,60,60,60,60,60,60,59,60,60,60,45,60,57,60,60,59,60,60,60,60,60,56,58,60,58,60,60,60,58,58,60,60,60,60,60,0,60,60,60,60,60,60,59,60,56,60,50,56,60
111,60,59,60,60,60,60,60,59,60,60,60,57,60,60,60,59,60,60,60,60,58,60,57,60,60,60,60,60,60,60,60,60,60,60,60,60,60,60,60,60,60,60,60,60,59,60,60,60,45,60,57,60,60,59,60,60,60,60,60,56,58,60,58,60,60,60,58,58,60,60,60,60,60,60,0,60,60,60,60,60,59,60,56,60,50,56,60
113,60,59,60,60,60,60,60,59,60,60,60,57,60,60,60,59,60,60,60,60,58,60,57,60,60,60,60,60,60,60,60,60,60,60,60,60,60,60,60,60,60,60,60,60,59,60,60,60,45,60,57,60,60,59,60,60,60,60,60,56,58,60,58,60,60,60,58,58,60,60,60,60,60,60,60,0,60,60,60,60,59,60,56,60,50,56,60
114,60,59,60,60,60,60,60,59,60,60,60,57,60,60,60,59,60,60,60,60,58,60,57,60,60,60,60,60,60,60,60,60,60,60,60,60,60,60,60,60,60,60,60,60,59,60,60,60,45,60,57,60,60,59,60,60,60,60,60,56,58,60,58,60,60,60,58,58,60,60,60,60,60,60,60,60,0,60,60,60,59,60,56,60,50,56,60
115,60,59,60,60,60,60,60,59,60,60,60,57,60,60,60,59,60,60,60,60,58,60,57,60,60,60,60,60,60,60,60,60,60,60,60,60,60,60,60,60,60,60,60,60,59,60,60,60,45,60,57,60,60,59,60,60,60,60,60,56,58,60,58,60,60,60,58,58,60,60,60,60,60,60,60,60,60,0,60,60,59,60,56,60,50,56,60
116,60,59,60,60,60,60,60,59,60,60,60,57,60,60,60,59,60,60,60,60,58,60,57,60,60,60,60,60,60,60,60,60,60,60,60,60,60,60,60,60,60,60,60,60,59,60,60,60,45,60,57,60,60,59,60,60,60,60,60,56,58,60,58,60,60,60,58,58,60,60,60,60,60,60,60,60,60,60,0,60,59,60,56,60,50,56,60
117,60,59,60,60,60,60,60,59,60,60,60,57,60,60,60,59,60,60,60,60,58,60,57,60,60,60,60,60,60,60,60,60,60,60,60,60,60,60,60,60,60,60,60,60,59,60,60,60,45,60,57,60,60,59,60,60,60,60,60,56,58,60,58,60,60,60,58,58,60,60,60,60,60,60,60,60,60,60,60,0,59,60,56,60,50,56,60
118,59,58,59,59,59,59,59,58,59,59,59,56,59,59,59,58,59,59,59,59,57,59,56,59,59,59,59,59,59,59,59,59,59,59,59,59,59,59,59,59,59,59,59,59,58,59,59,59,44,59,56,59,59,58,59,59,59,59,59,55,57,59,57,59,59,59,57,57,59,59,59,59,59,59,59,59,59,59,59,59,0,59,55,59,49,55,59
119,60,59,60,60,60,60,60,59,60,60,60,57,60,60,60,59,60,60,60,60,58,60,57,60,60,60,60,60,60,60,60,60,60,60,60,60,60,60,60,60,60,60,60,60,59,60,60,60,45,60,57,60,60,59,60,60,60,60,60,56,58,60,58,60,60,60,58,58,60,60,60,60,60,60,60,60,60,60,60,60,59,0,56,60,50,56,60
120,56,55,56,56,56,56,56,55,56,56,56,53,56,56,56,56,56,56,56,56,55,56,53,56,56,56,56,56,56,56,56,56,56,56,56,56,56,56,56,56,56,56,56,56,55,56,56,56,43,56,53,56,56,55,56,56,56,56,56,52,54,56,54,56,56,56,54,55,56,56,56,56,56,56,56,56,56,56,56,56,55,56,0,56,47,52,56
121,60,59,60,60,60,60,60,59,60,60,60,57,60,60,60,59,60,60,60,60,58,60,57,60,60,60,60,60,60,60,60,60,60,60,60,60,60,60,60,60,60,60,60,60,59,60,60,60,45,60,57,60,60,59,60,60,60,60,60,56,58,60,58,60,60,60,58,58,60,60,60,60,60,60,60,60,60,60,60,60,59,60,56,0,50,56,60
123,50,49,50,50,50,50,50,49,50,50,50,47,50,50,50,49,50,50,50,50,49,50,47,50,50,50,50,50,50,50,50,50,50,50,50,50,50,50,50,50,50,50,50,50,49,50,50,50,45,50,47,50,50,49,50,50,50,50,50,46,48,50,49,50,50,50,48,48,50,50,50,50,50,50,50,50,50,50,50,50,49,50,47,50,0,46,50
125,56,55,56,56,56,56,56,55,56,56,56,54,56,56,56,55,56,56,56,56,54,56,53,56,56,56,56,56,56,56,56,56,56,56,56,56,56,56,56,56,56,56,56,56,55,56,56,56,42,56,53,56,56,55,56,56,56,56,56,52,55,56,54,56,56,56,55,54,56,56,56,56,56,56,56,56,56,56,56,56,55,56,52,56,46,0,56
126,60,59,60,60,60,60,60,59,60,60,60,57,60,60,60,59,60,60,60,60,58,60,57,60,60,60,60,60,60,60,60,60,60,60,60,60,60,60,60,60,60,60,60,60,59,60,60,60,45,60,57,60,60,59,60,60,60,60,60,56,58,60,58,60,60,60,58,58,60,60,60,60,60,60,60,60,60,60,60,60,59,60,56,60,50,56,0
